{"cameraMode":{"drawMode":0,"name":"Shaded","section":"Shading Mode"},"sceneLighting":false,"audioPlay":false,"sceneViewState":{"showFog":false,"showMaterialUpdate":false,"showSkybox":false,"showFlares":false,"showImageEffects":false,"showParticleSystems":true},"in2DMode":false,"pivot":{"x":4.990584850311279,"y":1.1907802820205689,"z":6.073610782623291},"rotation":{"x":-0.0003097253502346575,"y":0.002097079763188958,"z":-3.555379635145073e-7,"w":-1.0000009536743165},"size":0.5660253763198853,"orthographic":false}