{"cameraMode":{"drawMode":0,"name":"Shaded","section":"Shading Mode"},"sceneLighting":true,"audioPlay":false,"sceneViewState":{"showFog":false,"showMaterialUpdate":false,"showSkybox":true,"showFlares":false,"showImageEffects":false,"showParticleSystems":true},"in2DMode":false,"pivot":{"x":4.4832048416137699,"y":4.513975143432617,"z":-30.597827911376954},"rotation":{"x":-0.07497376948595047,"y":0.8962302207946777,"z":-0.16615305840969087,"w":-0.40441372990608218},"size":8.902242660522461,"orthographic":false}