{"cameraMode":{"drawMode":0,"name":"Shaded","section":"Shading Mode"},"sceneLighting":false,"audioPlay":false,"sceneViewState":{"showFog":false,"showMaterialUpdate":false,"showSkybox":true,"showFlares":false,"showImageEffects":false,"showParticleSystems":true},"in2DMode":false,"pivot":{"x":-6.98224401473999,"y":-3.6565608978271486,"z":19.176673889160158},"rotation":{"x":0.1665116548538208,"y":-0.21119195222854615,"z":0.03653763607144356,"w":0.9624648094177246},"size":15.192405700683594,"orthographic":false}