{"cameraMode":{"drawMode":0,"name":"Shaded","section":"Shading Mode"},"sceneLighting":false,"audioPlay":false,"sceneViewState":{"showFog":false,"showMaterialUpdate":false,"showSkybox":true,"showFlares":false,"showImageEffects":false,"showParticleSystems":true},"in2DMode":false,"pivot":{"x":3.3987855911254885,"y":1.5742267370224,"z":7.488037109375},"rotation":{"x":0.1078948825597763,"y":0.7670445442199707,"z":-0.13388770818710328,"w":0.6181284785270691},"size":3.399040699005127,"orthographic":false}