{"cameraMode":{"drawMode":0,"name":"Shaded","section":"Shading Mode"},"sceneLighting":true,"audioPlay":false,"sceneViewState":{"showFog":false,"showMaterialUpdate":false,"showSkybox":true,"showFlares":false,"showImageEffects":false,"showParticleSystems":true},"in2DMode":false,"pivot":{"x":22.17108917236328,"y":1.5357465744018555,"z":33.00410842895508},"rotation":{"x":-0.05409713089466095,"y":0.08079972863197327,"z":-0.004365044645965099,"w":-0.995282769203186},"size":2.1919093132019045,"orthographic":false}