{"cameraMode":{"drawMode":0,"name":"Shaded","section":"Shading Mode"},"sceneLighting":true,"audioPlay":false,"sceneViewState":{"showFog":false,"showMaterialUpdate":false,"showSkybox":true,"showFlares":false,"showImageEffects":false,"showParticleSystems":true},"in2DMode":false,"pivot":{"x":11.241412162780762,"y":2.7214086055755617,"z":-31.59410858154297},"rotation":{"x":-0.07408072054386139,"y":0.08158846944570542,"z":-0.006092616822570562,"w":-0.9939088821411133},"size":0.23599296808242799,"orthographic":false}