{"cameraMode":{"drawMode":0,"name":"Shaded","section":"Shading Mode"},"sceneLighting":false,"audioPlay":false,"sceneViewState":{"showFog":false,"showMaterialUpdate":false,"showSkybox":false,"showFlares":false,"showImageEffects":false,"showParticleSystems":true},"in2DMode":false,"pivot":{"x":-55.87742614746094,"y":3.9746105670928957,"z":34.652313232421878},"rotation":{"x":0.1366216540336609,"y":-0.7214061617851257,"z":0.14879292249679566,"w":0.6624213457107544},"size":17.40770149230957,"orthographic":false}