{"cameraMode":{"drawMode":0,"name":"Shaded","section":"Shading Mode"},"sceneLighting":false,"audioPlay":false,"sceneViewState":{"showFog":false,"showMaterialUpdate":false,"showSkybox":true,"showFlares":false,"showImageEffects":false,"showParticleSystems":true},"in2DMode":false,"pivot":{"x":-55.38728713989258,"y":4.810129165649414,"z":41.652496337890628},"rotation":{"x":0.12410568445920944,"y":0.1702743023633957,"z":-0.021622734144330026,"w":0.977318286895752},"size":1.789940357208252,"orthographic":false}